CTCG	CTTGCTT	2415
TGCA	CTTGCTT	2414
ACTA	CTTGCTT	2496
CAGA	CTTGCTT	2436
AACT	CTTGCTT	2406
GCGT	CTTGCTT	2434
CGAT	CTTGCTT	2443
GTAA	CTTGCTT	2495
AGGG	CTTGCTT	2439
GATG	CTTGCTT	2629
TCAG	CTTGCTT	2625
TGCG	CTTGCTT	2613
CGCTT	CTTGCTT	2476
TCACG	CTTGCTT	2450
CTAGG	CTTGCTT	2420
ACAAA	CTTGCTT	2437
TTCTG	CTTGCTT	2405
AGCCG	CTTGCTT	2479
GTATT	CTTGCTT	2496
CTGTA	CTTGCTT	2480
ACCGT	CTTGCTT	2481
GCTTA	CTTGCTT	2631
GGTGT	CTTGCTT	2628
AGGAT	CTTGCTT	2649
ATTGA	TTCAGA	2427
CATCT	TTCAGA	2453
CCTAG	TTCAGA	2498
GAGGA	TTCAGA	2438
GGAAG	TTCAGA	2403
GTCAA	TTCAGA	2424
TAATA	TTCAGA	2491
TACAT	TTCAGA	2638
TCGTT	TTCAGA	2668
GGTTGT	TTCAGA	2670
CCAGCT	TTCAGA	2624
TTCAGA	TTCAGA	2621
TAGGAA	TTCAGA	2432
GCTCTA	TTCAGA	2416
CCACAA	TTCAGA	2486
CTTCCA	TTCAGA	2413
GAGATA	TTCAGA	2402
ATGCCT	TTCAGA	2441
AGTGGA	TTCAGA	2426
ACCTAA	TTCAGA	2609
ATATGT	TTCAGA	2617
ATCGTA	TTCAGA	2643
CATCGT	TTCAGA	2657
CGCGGT	TTCAGA	2655
GCCAGT	TCACG	2419
GGAAGA	TCACG	2489
GTACTT	TCACG	2409
GTTGAA	TCACG	2497
TAACGA	TCACG	2445
TGGCTA	TCACG	2410
TATTTTT	TCACG	2665
CTTGCTT	TCACG	2612
ATGAAAG	TCACG	2663
AAAAGTT	TCACG	2656
GAATTCA	TCACG	2679
GAACTTG	TCACG	2431
GGACCTA	TCACG	2417
GTCGATT	TCACG	2429
AACGCCT	TCACG	2412
AATATGG	TCACG	2488
ACGTGTT	TCACG	2444
ATTAATT	TCACG	2404
ATTGGAT	TCACG	2620
CATAAGT	TCACG	2618
CGCTGAT	TCACG	2626
CGGTAGA	TCACG	2610
CTACGGA	TCACG	2674
TAGCGGA	GCGT	2418
TCGAAGA	GCGT	2428
TCTGTGA	GCGT	2408
TGCTGGA	GCGT	2478
ACGACTAG	GCGT	2440
TAGCATGG	GCGT	2411
TAGGCCAT	GCGT	2662
TGCAAGGA	GCGT	2623
TGGTACGT	GCGT	2622
TCTCAGTG	GCGT	2651
CCGGATAT	GCGT	2676
CGCCTTAT	GCGT	2449
AACCGAGA	GCGT	2421
ACAGGGAA	GCGT	2435
ACGTGGTA	GCGT	2407
CCATGGGT	GCGT	2448
CGCGGAGA	GCGT	2442
CGTGTGGT	GCGT	2487
GCTGTGGA	GCGT	2483
GGATTGGT	GCGT	2484
GTGAGGGT	GCGT	2664
TATCGGGA	GCGT	2677
TTCCTGGA	GCGT	2636
CTCG	GCGT	2611
TGCA	GCGT	2606
ACTA	GCGT	2673
CAGA	GCGT	2678
AACT	GCGT	2701
GCGT	GCGT	2401
CGAT	GCGT	2719
GTAA	GCGT	2726
AGGG	GCGT	2734
CGCTT	GCGT	2615
TCACG	GCGT	2660
CTAGG	GCGT	2653
ACAAA	GCGT	2619
TTCTG	GCGT	2702
AGCCG	GCGT	2708
GTATT	GCGT	2720
CTGTA	GCGT	2727
ACCGT	GCGT	2735
ATTGA	CTTGCTT	2627
CATCT	CTTGCTT	2616
CCTAG	CTTGCTT	2658
GAGGA	CTTGCTT	2675
GGAAG	CTTGCTT	2703
GTCAA	CTTGCTT	2709
TAATA	CTTGCTT	2716
TACAT	CTTGCTT	2728
TAGGAA	CTTGCTT	2632
GCTCTA	CTTGCTT	2666
CCACAA	CTTGCTT	2633
CTTCCA	CTTGCTT	2430
GAGATA	CTTGCTT	2704
ATGCCT	CTTGCTT	2710
AGTGGA	CTTGCTT	2721
ACCTAA	CTTGCTT	2729
CTATTA	TTCAGA	2672
GCCAGT	TTCAGA	2630
GGAAGA	TTCAGA	2661
GTACTT	TTCAGA	2477
GTTGAA	TTCAGA	2705
TAACGA	TTCAGA	2711
TGGCTA	TTCAGA	2722
TATTTTT	TTCAGA	2730
GAACTTG	TTCAGA	2500
GTCGATT	TTCAGA	2652
AATATGG	TTCAGA	2706
ACGTGTT	TTCAGA	2712
ATTAATT	TTCAGA	2723
ATTGGAT	TTCAGA	2731
GCGGAAT	TCACG	2614
TAGCGGA	TCACG	2644
TCGAAGA	TCACG	2605
TGCTGGA	TCACG	2707
ACGACTAG	TCACG	2713
TAGCATGG	TCACG	2724
TAGGCCAT	TCACG	2732
CGCCTTAT	TCACG	2669
AACCGAGA	TCACG	2659
ACAGGGAA	TCACG	2654
ACGTGGTA	TCACG	2715
CCATGGGT	TCACG	2493
CGCGGAGA	TCACG	2714
CGTGTGGT	TCACG	2725
GCTGTGGA	TCACG	2733
CTCG	ATGAAAG	BRO_F1
TGCA	ATGAAAG	BRO_M4
ACTA	ATGAAAG	JB_F1
CAGA	ATGAAAG	JB_M7
AACT	ATGAAAG	CU_F1
GCGT	ATGAAAG	CU_M4
CGAT	ATGAAAG	SH_F6
GTAA	ATGAAAG	SH_M4
AGGG	ATGAAAG	UL_F3
GATG	ATGAAAG	UL_H1
TCAG	ATGAAAG	KI_F4
TGCG	ATGAAAG	KI_H1
CGCTT	CTCG	BRO_F2
TCACG	CTCG	BRO_M5
CTAGG	CTCG	JB_F2
ACAAA	CTCG	JB_M9
TTCTG	CTCG	CU_F2
AGCCG	CTCG	CU_M5
GTATT	CTCG	SH_F2
CTGTA	CTCG	SH_M5
ACCGT	CTCG	UL_F4
GCTTA	CTCG	UL_H2
GGTGT	CTCG	KI_F5
AGGAT	CTCG	KI_H2
ATTGA	ACGACTAG	BRO_F3
CATCT	ACGACTAG	BRO_H1
CCTAG	ACGACTAG	JB_F6
GAGGA	ACGACTAG	JB_H2
GGAAG	ACGACTAG	CU_F3
GTCAA	ACGACTAG	CU_H1
TAATA	ACGACTAG	SH_F3
TACAT	ACGACTAG	SH_H1
TCGTT	ACGACTAG	UL_F5
GGTTGT	ACGACTAG	UL_H3
CCAGCT	ACGACTAG	KI_F6
TTCAGA	ACGACTAG	KI_H3
TAGGAA	ACTA	BRO_F4
GCTCTA	ACTA	BRO_H2
CCACAA	ACTA	JB_F7
CTTCCA	ACTA	JB_H5
GAGATA	ACTA	CU_F4
ATGCCT	ACTA	CU_H2
AGTGGA	ACTA	SH_F4
ACCTAA	ACTA	SH_H2
ATATGT	ACTA	UL_M1
ATCGTA	ACTA	UL_H4
CATCGT	ACTA	KI_M1
CGCGGT	ACTA	KI_H4
CTATTA	TGCGA	BRO_F5
GCCAGT	TGCGA	BRO_H3
GGAAGA	TGCGA	JB_F9
GTACTT	TGCGA	JB_H7
GTTGAA	TGCGA	CU_F5
TAACGA	TGCGA	CU_H3
TGGCTA	TGCGA	SH_F5
TATTTTT	TGCGA	SH_H3
CTTGCTT	TGCGA	UL_M2
ATGAAAG	TGCGA	UL_H5
AAAAGTT	TGCGA	KI_M2
GAATTCA	TGCGA	KI_H5
GAACTTG	CGCTT	BRO_M1
GGACCTA	CGCTT	BRO_H4
GTCGATT	CGCTT	JB_M2
AACGCCT	CGCTT	JB_H9
AATATGG	CGCTT	CU_M1
ACGTGTT	CGCTT	CU_H4
ATTAATT	CGCTT	SH_M1
ATTGGAT	CGCTT	SH_H4
CATAAGT	CGCTT	UL_M3
CGCTGAT	CGCTT	KI_F1
CGGTAGA	CGCTT	KI_M3
GCGGAAT	GGTTGT	BRO_M2
TAGCGGA	GGTTGT	BRO_H5
TCGAAGA	GGTTGT	JB_M5
TCTGTGA	GGTTGT	JB_H10
TGCTGGA	GGTTGT	CU_M2
ACGACTAG	GGTTGT	CU_H5
TAGCATGG	GGTTGT	SH_M2
TAGGCCAT	GGTTGT	SH_H5
TGCAAGGA	GGTTGT	UL_M4
TGGTACGT	GGTTGT	KI_F2
TCTCAGTG	GGTTGT	KI_M4
CCGGATAT	GGTTGT	UL_F1
CGCCTTAT	CCAGCT	BRO_M3
ACAGGGAA	CCAGCT	JB_M6
CCATGGGT	CCAGCT	CU_M3
CGTGTGGT	CCAGCT	SH_M3
GGATTGGT	CCAGCT	UL_M5
GTGAGGGT	CCAGCT	KI_F3
TATCGGGA	CCAGCT	KI_M5
TTCCTGGA	CCAGCT	UL_F2
CATAAGT	TTCAGA	Afloribunda_ANBG1
TGCAAGGA	TCACG	Afloribunda_ANBG2
GGATTGGT	TCACG	AUnknown_GH_Plant_19
